eventid,playerid,jogador,teamId,teamName,minute,tempo,type,outcome,x,y,endX,endY
2,,,2694,Panama,0,FirstHalf,Start,Successful,0,0,,
2,,,345,England,0,FirstHalf,Start,Successful,0,0,,
3,458333,Tomás Rodríguez,2694,Panama,0,FirstHalf,Pass,Successful,49.8,50.1,29.1,49.2
4,458339,José Córdoba,2694,Panama,0,FirstHalf,Pass,Unsuccessful,30,51.6,74.7,70.6
3,301440,Ezri Konsa,345,England,0,FirstHalf,BallTouch,Unsuccessful,29.6,39.9,,
5,458333,Tomás Rodríguez,2694,Panama,0,FirstHalf,SavedShot,Successful,76.8,60,,
4,110189,Jordan Pickford,345,England,0,FirstHalf,Save,Successful,4.5,49.6,,
5,110189,Jordan Pickford,345,England,0,FirstHalf,KeeperPickup,Successful,4.5,49.6,,
6,110189,Jordan Pickford,345,England,0,FirstHalf,Pass,Successful,13.4,56.1,15.2,72.1
7,374631,Marc Guéhi,345,England,0,FirstHalf,Pass,Successful,14.7,71.1,23.9,71.7
8,379868,Jude Bellingham,345,England,0,FirstHalf,Pass,Successful,28.4,72.4,33.2,96.4
9,468847,Nico O'Reilly,345,England,0,FirstHalf,Pass,Successful,33.4,96.1,28.6,73
10,379868,Jude Bellingham,345,England,0,FirstHalf,Pass,Successful,29.9,70.9,29.2,44.2
11,402596,Elliot Anderson,345,England,0,FirstHalf,Pass,Successful,29.5,37.2,40.1,3.3
12,430019,Jarell Quansah,345,England,0,FirstHalf,Pass,Successful,39.2,3.1,28.7,18.3
13,301440,Ezri Konsa,345,England,0,FirstHalf,Pass,Successful,29.8,30.1,29.4,59.5
14,374631,Marc Guéhi,345,England,0,FirstHalf,Pass,Successful,33.8,67.2,37.2,43.3
15,402596,Elliot Anderson,345,England,0,FirstHalf,Pass,Successful,37.6,43.2,31.9,33
16,301440,Ezri Konsa,345,England,0,FirstHalf,Pass,Successful,32.9,44.8,34.1,33.9
17,402596,Elliot Anderson,345,England,0,FirstHalf,Pass,Unsuccessful,41.2,28.6,93.6,19.8
6,448768,Orlando Mosquera,2694,Panama,0,FirstHalf,KeeperPickup,Successful,5.1,75.6,,
7,448768,Orlando Mosquera,2694,Panama,1,FirstHalf,Pass,Successful,9.2,65.8,19.7,95.2
8,397267,Andrés Andrade,2694,Panama,1,FirstHalf,Pass,Successful,22.9,94.2,63.7,96.3
9,455359,Jorge Gutiérrez,2694,Panama,1,FirstHalf,Pass,Successful,68.1,95.5,62.9,95.5
10,358868,José Luis Rodríguez,2694,Panama,1,FirstHalf,Pass,Successful,56,79.2,37,73.8
11,458339,José Córdoba,2694,Panama,1,FirstHalf,Pass,Successful,35.3,74.8,23.1,51.4
12,448768,Orlando Mosquera,2694,Panama,1,FirstHalf,Pass,Successful,24.9,46.5,42.9,32.8
13,318250,Cristian Martínez,2694,Panama,1,FirstHalf,Pass,Successful,42.1,30.1,51.2,4.5
14,280972,Amir Murillo,2694,Panama,1,FirstHalf,Pass,Unsuccessful,50.9,6,51.8,7.3
19,468847,Nico O'Reilly,345,England,1,FirstHalf,BlockedPass,Successful,48.2,92.7,,
16,280972,Amir Murillo,2694,Panama,1,FirstHalf,Pass,Successful,50.3,0,28.8,14.1
17,318565,Fidel Escobar,2694,Panama,1,FirstHalf,Pass,Successful,28.8,14.1,8.4,35.7
18,448768,Orlando Mosquera,2694,Panama,1,FirstHalf,Pass,Unsuccessful,15.8,35.8,71.5,23.2
21,468847,Nico O'Reilly,345,England,1,FirstHalf,Clearance,Successful,28.2,75.4,28.3,95.1
22,374631,Marc Guéhi,345,England,1,FirstHalf,Pass,Unsuccessful,26.2,95.7,29.9,94.6
19,318250,Cristian Martínez,2694,Panama,1,FirstHalf,BlockedPass,Successful,70.1,5.4,,
23,374631,Marc Guéhi,345,England,1,FirstHalf,Clearance,Successful,14.7,93.7,28.1,100
21,396239,Carlos Harvey,2694,Panama,2,FirstHalf,Pass,Successful,71.2,0,53.5,4.6
22,318565,Fidel Escobar,2694,Panama,2,FirstHalf,Pass,Successful,48,6.9,36.9,35.1
23,458339,José Córdoba,2694,Panama,2,FirstHalf,Pass,Successful,35.9,37.5,38.2,78
24,397267,Andrés Andrade,2694,Panama,2,FirstHalf,Pass,Successful,38.8,92.8,72.8,97.2
25,455359,Jorge Gutiérrez,2694,Panama,2,FirstHalf,Pass,Unsuccessful,73.4,96.4,86,63.6
25,110189,Jordan Pickford,345,England,2,FirstHalf,KeeperPickup,Successful,13.5,42.3,,
27,110189,Jordan Pickford,345,England,2,FirstHalf,Pass,Successful,22.9,50.5,23.7,64.9
28,374631,Marc Guéhi,345,England,2,FirstHalf,Pass,Successful,23.5,65.4,30.3,60.6
29,379868,Jude Bellingham,345,England,2,FirstHalf,Pass,Successful,29.5,61,31.5,39.3
30,402596,Elliot Anderson,345,England,2,FirstHalf,Pass,Successful,30.6,39.6,41.4,32.2
31,362824,Morgan Rogers,345,England,2,FirstHalf,Pass,Successful,41.3,32.2,34.1,37.2
32,402596,Elliot Anderson,345,England,2,FirstHalf,Pass,Successful,35.3,31.3,38.4,5.2
33,430019,Jarell Quansah,345,England,2,FirstHalf,Pass,Successful,38.4,5.2,54.8,3.4
34,367185,Bukayo Saka,345,England,2,FirstHalf,Foul,Successful,53.7,5,,
27,455359,Jorge Gutiérrez,2694,Panama,2,FirstHalf,Foul,Unsuccessful,46.3,95,,
35,430019,Jarell Quansah,345,England,2,FirstHalf,Pass,Successful,44.4,8.8,42.4,28.3
36,402596,Elliot Anderson,345,England,2,FirstHalf,Pass,Successful,41.3,29.8,35.8,54.7
37,301440,Ezri Konsa,345,England,2,FirstHalf,Pass,Successful,35.1,55,38,69.6
38,374631,Marc Guéhi,345,England,2,FirstHalf,Pass,Successful,41.9,67,54.7,55
39,83532,Harry Kane,345,England,2,FirstHalf,Pass,Successful,54.3,55.2,32,51.3
40,301440,Ezri Konsa,345,England,2,FirstHalf,Pass,Successful,32,51.3,34.3,67.8
41,374631,Marc Guéhi,345,England,2,FirstHalf,Pass,Successful,34.8,70,56.2,93.9
42,300299,Marcus Rashford,345,England,3,FirstHalf,Pass,Successful,60.4,95.4,57.7,80.4
43,83532,Harry Kane,345,England,3,FirstHalf,Pass,Unsuccessful,66.8,69,95,0
30,455359,Jorge Gutiérrez,2694,Panama,3,FirstHalf,Pass,Successful,14.3,100,26,89.4
31,358868,José Luis Rodríguez,2694,Panama,3,FirstHalf,Pass,Unsuccessful,29.1,89.1,25.4,88.9
45,402596,Elliot Anderson,345,England,3,FirstHalf,BallTouch,Successful,69.8,13.8,,
46,367185,Bukayo Saka,345,England,3,FirstHalf,BallRecovery,Successful,69.8,9.7,,
47,367185,Bukayo Saka,345,England,3,FirstHalf,BallTouch,Successful,75.4,10.8,,
90,362824,Morgan Rogers,345,England,3,FirstHalf,Pass,Successful,82,8,87.3,8
49,367185,Bukayo Saka,345,England,3,FirstHalf,Pass,Unsuccessful,91.3,24.3,89.5,44.8
36,318565,Fidel Escobar,2694,Panama,3,FirstHalf,Clearance,Successful,11.5,59.7,22.1,81.7
37,358868,José Luis Rodríguez,2694,Panama,3,FirstHalf,BallTouch,Successful,23,84,,
38,397267,Andrés Andrade,2694,Panama,3,FirstHalf,Pass,Unsuccessful,17.2,80.7,45,83.8
50,301440,Ezri Konsa,345,England,3,FirstHalf,Aerial,Successful,55,16.2,,
39,458333,Tomás Rodríguez,2694,Panama,3,FirstHalf,Aerial,Unsuccessful,45,83.8,,
51,301440,Ezri Konsa,345,England,3,FirstHalf,Pass,Successful,55,16.2,63.1,23.8
52,402596,Elliot Anderson,345,England,3,FirstHalf,Pass,Successful,63.2,23.2,36.8,28.5
53,374631,Marc Guéhi,345,England,3,FirstHalf,Pass,Successful,32.1,38.2,36.2,57.9
54,379868,Jude Bellingham,345,England,3,FirstHalf,Pass,Successful,36.6,58.3,38.8,32.5
55,402596,Elliot Anderson,345,England,3,FirstHalf,Pass,Successful,41.5,30.4,54.9,4.9
56,430019,Jarell Quansah,345,England,3,FirstHalf,Pass,Successful,53.9,5.5,63.8,3.3
57,367185,Bukayo Saka,345,England,3,FirstHalf,Pass,Successful,60.9,4,51.9,24.3
58,402596,Elliot Anderson,345,England,3,FirstHalf,Pass,Successful,51.4,24.9,42.6,50.5
59,301440,Ezri Konsa,345,England,3,FirstHalf,Pass,Successful,42.5,52.6,43.3,31.9
60,430019,Jarell Quansah,345,England,4,FirstHalf,Pass,Successful,44.6,29.2,60.1,8.8
61,362824,Morgan Rogers,345,England,4,FirstHalf,Pass,Successful,59.2,10.3,65.7,2.7
62,367185,Bukayo Saka,345,England,4,FirstHalf,Pass,Successful,66.8,9.1,66.6,25.9
63,379868,Jude Bellingham,345,England,4,FirstHalf,Pass,Successful,67.9,37.5,70.9,92.2
64,300299,Marcus Rashford,345,England,4,FirstHalf,Pass,Successful,74.1,84.3,91.4,57.9
65,379868,Jude Bellingham,345,England,4,FirstHalf,Dispossessed,Successful,95.4,64.8,,
40,458339,José Córdoba,2694,Panama,4,FirstHalf,Tackle,Successful,4.6,35.2,,
66,379868,Jude Bellingham,345,England,4,FirstHalf,CornerAwarded,Successful,98.6,69.6,,
41,458339,José Córdoba,2694,Panama,4,FirstHalf,CornerAwarded,Unsuccessful,1.4,30.4,,
67,402596,Elliot Anderson,345,England,4,FirstHalf,Pass,Unsuccessful,99.5,99.5,90.7,43.9
42,396239,Carlos Harvey,2694,Panama,4,FirstHalf,Aerial,Successful,9.3,56.1,,
68,379868,Jude Bellingham,345,England,4,FirstHalf,Aerial,Unsuccessful,90.7,43.9,,
43,396239,Carlos Harvey,2694,Panama,4,FirstHalf,Clearance,Successful,9.3,56.1,7.4,61.5
71,379868,Jude Bellingham,345,England,4,FirstHalf,BallTouch,Successful,94.3,40.3,,
44,358868,José Luis Rodríguez,2694,Panama,4,FirstHalf,Clearance,Successful,12.1,60.7,11.2,78.7
45,455359,Jorge Gutiérrez,2694,Panama,4,FirstHalf,BallRecovery,Successful,13.6,77.5,,
46,455359,Jorge Gutiérrez,2694,Panama,4,FirstHalf,Pass,Successful,19.2,91.8,28.5,87.1
47,396239,Carlos Harvey,2694,Panama,5,FirstHalf,Pass,Successful,28.1,88.2,9.4,82.6
48,397267,Andrés Andrade,2694,Panama,5,FirstHalf,Pass,Unsuccessful,8.7,84.9,16.1,100
51,397267,Andrés Andrade,2694,Panama,5,FirstHalf,Pass,Successful,20,100,40.8,94.3
52,458333,Tomás Rodríguez,2694,Panama,5,FirstHalf,Pass,Successful,40.8,94.3,38.5,79.3
53,396239,Carlos Harvey,2694,Panama,5,FirstHalf,Pass,Successful,38.5,78.7,39.1,81
54,358868,José Luis Rodríguez,2694,Panama,5,FirstHalf,BallTouch,Successful,39.1,81,,
72,367185,Bukayo Saka,345,England,5,FirstHalf,Pass,Successful,55.7,12.1,36.8,34.5
73,374631,Marc Guéhi,345,England,5,FirstHalf,BallRecovery,Successful,36.3,35.5,,
74,374631,Marc Guéhi,345,England,5,FirstHalf,Pass,Successful,39,43.5,36.8,30.6
75,301440,Ezri Konsa,345,England,5,FirstHalf,Pass,Successful,39.1,41.4,36,63.7
76,374631,Marc Guéhi,345,England,6,FirstHalf,Pass,Successful,42.5,72.3,55.3,95.1
77,300299,Marcus Rashford,345,England,6,FirstHalf,Pass,Successful,47.4,81.3,39.4,49.8
78,301440,Ezri Konsa,345,England,6,FirstHalf,Pass,Successful,54.8,34.5,54.7,19
79,430019,Jarell Quansah,345,England,6,FirstHalf,Pass,Successful,54.7,18.7,61.2,2.8
80,362824,Morgan Rogers,345,England,6,FirstHalf,Pass,Successful,61.2,2.8,51.8,8.4
81,430019,Jarell Quansah,345,England,6,FirstHalf,Pass,Successful,51.7,15.1,61,26.4
82,379868,Jude Bellingham,345,England,6,FirstHalf,Pass,Unsuccessful,60.5,26.4,64,15.7
55,358868,José Luis Rodríguez,2694,Panama,6,FirstHalf,BallRecovery,Successful,37,76.8,,
56,358868,José Luis Rodríguez,2694,Panama,6,FirstHalf,Pass,Successful,37,76.8,41,74.2
57,143611,Yoel Bárcenas,2694,Panama,6,FirstHalf,Pass,Successful,41.3,74.5,39.1,68.4
83,402596,Elliot Anderson,345,England,6,FirstHalf,Challenge,Unsuccessful,57.6,37.7,,
58,396239,Carlos Harvey,2694,Panama,6,FirstHalf,TakeOn,Successful,44,60,,
59,396239,Carlos Harvey,2694,Panama,6,FirstHalf,Dispossessed,Successful,58.3,60.2,,
84,379868,Jude Bellingham,345,England,6,FirstHalf,Tackle,Successful,41.7,39.8,,
60,358868,José Luis Rodríguez,2694,Panama,6,FirstHalf,Challenge,Unsuccessful,53.8,65.3,,
86,402596,Elliot Anderson,345,England,6,FirstHalf,TakeOn,Successful,47.1,32.7,,
85,402596,Elliot Anderson,345,England,6,FirstHalf,BallRecovery,Successful,43.9,40.6,,
87,402596,Elliot Anderson,345,England,6,FirstHalf,Pass,Successful,57.5,38.5,57.6,49.6
62,397267,Andrés Andrade,2694,Panama,6,FirstHalf,Challenge,Unsuccessful,41,56.8,,
88,379868,Jude Bellingham,345,England,6,FirstHalf,TakeOn,Successful,59.6,40,,
89,379868,Jude Bellingham,345,England,6,FirstHalf,Foul,Successful,57.3,66.4,,
63,458333,Tomás Rodríguez,2694,Panama,6,FirstHalf,Foul,Unsuccessful,42.8,33.6,,
111,379868,Jude Bellingham,345,England,6,FirstHalf,Pass,Successful,67.3,78.8,64.7,67.9
91,402596,Elliot Anderson,345,England,6,FirstHalf,Pass,Successful,60.1,57.1,63.4,31.6
81,358868,José Luis Rodríguez,2694,Panama,6,FirstHalf,Challenge,Unsuccessful,34.7,75,,
116,362824,Morgan Rogers,345,England,6,FirstHalf,TakeOn,Successful,65.3,25,,
92,362824,Morgan Rogers,345,England,6,FirstHalf,Pass,Successful,61.5,33.3,66.7,5.8
93,367185,Bukayo Saka,345,England,6,FirstHalf,Pass,Successful,67,4.6,71.5,14.2
94,362824,Morgan Rogers,345,England,6,FirstHalf,Pass,Successful,71.5,14.1,69,3.1
95,367185,Bukayo Saka,345,England,7,FirstHalf,Pass,Successful,69,4.5,62.6,18.1
96,402596,Elliot Anderson,345,England,7,FirstHalf,Pass,Successful,65.6,21,68.3,61.9
97,379868,Jude Bellingham,345,England,7,FirstHalf,Pass,Successful,69.4,65.5,84.8,86.8
98,300299,Marcus Rashford,345,England,7,FirstHalf,SavedShot,Successful,79.8,69.3,,
64,448768,Orlando Mosquera,2694,Panama,7,FirstHalf,Save,Successful,0.5,45.9,,
99,300299,Marcus Rashford,345,England,7,FirstHalf,CornerAwarded,Successful,92.4,62.6,,
65,448768,Orlando Mosquera,2694,Panama,7,FirstHalf,CornerAwarded,Unsuccessful,7.6,37.4,,
100,402596,Elliot Anderson,345,England,7,FirstHalf,Pass,Unsuccessful,99.5,99.5,93.3,44.5
66,448768,Orlando Mosquera,2694,Panama,7,FirstHalf,Clearance,Successful,6.3,50.9,13,64.2
101,367185,Bukayo Saka,345,England,7,FirstHalf,MissedShots,Successful,89.2,39.7,,
68,458339,José Córdoba,2694,Panama,8,FirstHalf,Pass,Successful,5.2,61.9,4.6,47.7
69,448768,Orlando Mosquera,2694,Panama,8,FirstHalf,Pass,Unsuccessful,7.2,42.1,56.4,85.5
103,430019,Jarell Quansah,345,England,8,FirstHalf,Aerial,Successful,43.6,14.5,,
70,358868,José Luis Rodríguez,2694,Panama,8,FirstHalf,Aerial,Unsuccessful,56.4,85.5,,
104,430019,Jarell Quansah,345,England,8,FirstHalf,Pass,Unsuccessful,43.6,14.5,68.7,3.3
71,397267,Andrés Andrade,2694,Panama,8,FirstHalf,Pass,Successful,28.9,97.2,33.8,80.2
72,396239,Carlos Harvey,2694,Panama,8,FirstHalf,Pass,Successful,33.5,81.9,45.8,97.9
73,455359,Jorge Gutiérrez,2694,Panama,8,FirstHalf,Pass,Successful,45.8,97.9,45.8,92.8
74,358868,José Luis Rodríguez,2694,Panama,8,FirstHalf,Pass,Unsuccessful,45.4,93.4,66.7,100
106,430019,Jarell Quansah,345,England,8,FirstHalf,Pass,Successful,35.4,0,28.9,24.1
107,379868,Jude Bellingham,345,England,8,FirstHalf,Pass,Successful,29.6,24.3,22.9,55.2
108,374631,Marc Guéhi,345,England,8,FirstHalf,Pass,Successful,38.3,66.6,80.2,75.4
109,300299,Marcus Rashford,345,England,9,FirstHalf,Pass,Unsuccessful,99.2,70.9,92.4,43.8
76,455359,Jorge Gutiérrez,2694,Panama,9,FirstHalf,Clearance,Successful,7.7,64.8,0,71.7
110,300299,Marcus Rashford,345,England,9,FirstHalf,CornerAwarded,Successful,97.8,34.4,,
77,455359,Jorge Gutiérrez,2694,Panama,9,FirstHalf,CornerAwarded,Unsuccessful,2.3,65.5,,
112,367185,Bukayo Saka,345,England,9,FirstHalf,Pass,Successful,99.5,0.5,89.2,5.7
113,300299,Marcus Rashford,345,England,9,FirstHalf,Pass,Successful,91.3,4.5,87.1,9
114,367185,Bukayo Saka,345,England,9,FirstHalf,Pass,Unsuccessful,84.5,18.1,97.4,38.5
78,448768,Orlando Mosquera,2694,Panama,9,FirstHalf,KeeperPickup,Successful,1.7,55.5,,
79,448768,Orlando Mosquera,2694,Panama,9,FirstHalf,Pass,Successful,6.3,57.1,55.2,6
80,143611,Yoel Bárcenas,2694,Panama,9,FirstHalf,Foul,Successful,63.3,4.2,,
115,301440,Ezri Konsa,345,England,9,FirstHalf,Foul,Unsuccessful,36.8,95.8,,
82,143611,Yoel Bárcenas,2694,Panama,10,FirstHalf,Pass,Unsuccessful,65.4,6.7,87.5,53.7
117,301440,Ezri Konsa,345,England,10,FirstHalf,Clearance,Successful,12.8,46.6,13.1,40.3
118,430019,Jarell Quansah,345,England,10,FirstHalf,Aerial,Successful,13.1,40.3,,
83,397267,Andrés Andrade,2694,Panama,10,FirstHalf,Aerial,Unsuccessful,86.9,59.7,,
119,430019,Jarell Quansah,345,England,10,FirstHalf,Clearance,Successful,13.1,40.3,32.8,21.7
120,379868,Jude Bellingham,345,England,10,FirstHalf,BallRecovery,Successful,30.9,21.7,,
121,379868,Jude Bellingham,345,England,10,FirstHalf,Dispossessed,Successful,38.7,19.8,,
84,318250,Cristian Martínez,2694,Panama,10,FirstHalf,Tackle,Unsuccessful,61.2,80.2,,
122,379868,Jude Bellingham,345,England,10,FirstHalf,Foul,Successful,35.7,3,,
85,318250,Cristian Martínez,2694,Panama,10,FirstHalf,Foul,Unsuccessful,64.2,97,,
123,379868,Jude Bellingham,345,England,11,FirstHalf,Pass,Successful,37.5,0.9,31.3,13.7
124,402596,Elliot Anderson,345,England,11,FirstHalf,Pass,Successful,35,45.4,35.4,66.4
125,374631,Marc Guéhi,345,England,11,FirstHalf,Pass,Successful,36,66.4,48.2,90.7
126,300299,Marcus Rashford,345,England,11,FirstHalf,Pass,Unsuccessful,48.4,90,67.1,65.4
86,318565,Fidel Escobar,2694,Panama,11,FirstHalf,Clearance,Successful,32.9,28.5,51.4,41.8
127,402596,Elliot Anderson,345,England,11,FirstHalf,Challenge,Unsuccessful,53.2,57.8,,
87,396239,Carlos Harvey,2694,Panama,11,FirstHalf,TakeOn,Successful,46.1,40,,
88,396239,Carlos Harvey,2694,Panama,11,FirstHalf,BallRecovery,Successful,49.4,47.5,,
89,396239,Carlos Harvey,2694,Panama,11,FirstHalf,Pass,Unsuccessful,53,48.3,54.9,44.5
128,374631,Marc Guéhi,345,England,11,FirstHalf,Interception,Successful,45.1,55.5,,
129,402596,Elliot Anderson,345,England,11,FirstHalf,BallRecovery,Successful,32.4,58.8,,
130,402596,Elliot Anderson,345,England,11,FirstHalf,Pass,Successful,32.4,58.8,12.7,59.2
131,110189,Jordan Pickford,345,England,11,FirstHalf,Pass,Successful,17.4,61.3,26.8,83.8
132,468847,Nico O'Reilly,345,England,11,FirstHalf,Pass,Successful,32,82.3,28.3,67.5
133,374631,Marc Guéhi,345,England,11,FirstHalf,Pass,Successful,28.4,56.7,29.6,31.9
134,301440,Ezri Konsa,345,England,11,FirstHalf,Pass,Successful,28.8,30.7,34.8,40.6
135,402596,Elliot Anderson,345,England,11,FirstHalf,Pass,Successful,33.8,37.9,29,16
136,430019,Jarell Quansah,345,England,11,FirstHalf,Pass,Unsuccessful,27.8,13.5,40.5,5.8
90,397267,Andrés Andrade,2694,Panama,11,FirstHalf,BallRecovery,Successful,57,95.5,,
91,397267,Andrés Andrade,2694,Panama,11,FirstHalf,Pass,Unsuccessful,57,95.5,78.1,93.7
137,430019,Jarell Quansah,345,England,11,FirstHalf,BallRecovery,Successful,20.2,5.2,,
138,430019,Jarell Quansah,345,England,11,FirstHalf,Pass,Successful,13.9,16.5,2.4,45.9
139,110189,Jordan Pickford,345,England,11,FirstHalf,Pass,Unsuccessful,2.4,54,43.9,72.9
92,280972,Amir Murillo,2694,Panama,11,FirstHalf,BallRecovery,Successful,59.4,35.7,,
93,280972,Amir Murillo,2694,Panama,11,FirstHalf,Pass,Successful,56.1,57.1,53,90.7
94,455359,Jorge Gutiérrez,2694,Panama,12,FirstHalf,Pass,Successful,54.3,90.1,39.2,57.7
95,458339,José Córdoba,2694,Panama,12,FirstHalf,Pass,Successful,39.2,57.7,33.6,7.6
96,318565,Fidel Escobar,2694,Panama,12,FirstHalf,Pass,Successful,33.6,7.6,55.7,3.3
97,318250,Cristian Martínez,2694,Panama,12,FirstHalf,Pass,Successful,46.3,6.9,40.7,11.1
98,318565,Fidel Escobar,2694,Panama,12,FirstHalf,Pass,Unsuccessful,39.9,12.3,60.4,18.1
140,374631,Marc Guéhi,345,England,12,FirstHalf,Pass,Successful,40.7,85.2,56.4,65.5
141,83532,Harry Kane,345,England,12,FirstHalf,BallRecovery,Successful,56.4,65.5,,
142,83532,Harry Kane,345,England,12,FirstHalf,Pass,Successful,47.7,43.3,47.2,29.2
143,430019,Jarell Quansah,345,England,12,FirstHalf,Pass,Successful,62.2,53.5,63.6,77.5
144,468847,Nico O'Reilly,345,England,12,FirstHalf,Pass,Successful,64.6,83.4,72.7,96.1
145,300299,Marcus Rashford,345,England,12,FirstHalf,Pass,Successful,82.2,94.9,91.8,84.1
146,468847,Nico O'Reilly,345,England,12,FirstHalf,Pass,Successful,89.4,97.6,71,88.8
147,379868,Jude Bellingham,345,England,12,FirstHalf,Pass,Successful,68.9,88.9,70.1,73.9
148,402596,Elliot Anderson,345,England,12,FirstHalf,Pass,Successful,70.1,73.5,42.6,65.5
149,374631,Marc Guéhi,345,England,12,FirstHalf,Pass,Successful,44,64.8,56.5,74.5
150,402596,Elliot Anderson,345,England,12,FirstHalf,Pass,Successful,57.1,71.7,60.6,62.7
151,379868,Jude Bellingham,345,England,12,FirstHalf,Pass,Successful,60.3,62.2,54.6,73.2
152,402596,Elliot Anderson,345,England,12,FirstHalf,Pass,Successful,55.4,66.4,45.9,67.2
153,374631,Marc Guéhi,345,England,12,FirstHalf,Pass,Successful,47.2,66.4,43.5,36.3
154,301440,Ezri Konsa,345,England,12,FirstHalf,Pass,Successful,43.8,30.9,47.9,11.8
155,430019,Jarell Quansah,345,England,12,FirstHalf,Pass,Successful,47,13.2,56.1,31.8
156,402596,Elliot Anderson,345,England,12,FirstHalf,Pass,Unsuccessful,56.2,31.5,72.7,13
102,455359,Jorge Gutiérrez,2694,Panama,13,FirstHalf,BallRecovery,Successful,24.1,82.9,,
104,455359,Jorge Gutiérrez,2694,Panama,13,FirstHalf,Dispossessed,Successful,20.6,81.4,,
157,367185,Bukayo Saka,345,England,13,FirstHalf,Tackle,Unsuccessful,77,20,,
103,455359,Jorge Gutiérrez,2694,Panama,13,FirstHalf,Foul,Successful,18.8,82.8,,
158,367185,Bukayo Saka,345,England,13,FirstHalf,Foul,Unsuccessful,81.2,17.2,,
105,397267,Andrés Andrade,2694,Panama,13,FirstHalf,Pass,Successful,24.4,84.6,23.5,54.4
109,318565,Fidel Escobar,2694,Panama,13,FirstHalf,Pass,Successful,15.4,35.7,20.7,11.5
110,280972,Amir Murillo,2694,Panama,13,FirstHalf,Pass,Successful,21.4,11.5,71.8,3
111,458333,Tomás Rodríguez,2694,Panama,13,FirstHalf,BallTouch,Unsuccessful,73,3,,
160,374631,Marc Guéhi,345,England,13,FirstHalf,Pass,Successful,28.3,100,28.5,66.7
161,402596,Elliot Anderson,345,England,13,FirstHalf,Pass,Successful,39.3,45.1,36.2,30.9
162,430019,Jarell Quansah,345,England,13,FirstHalf,Pass,Successful,39.5,28.8,53.3,23.4
163,362824,Morgan Rogers,345,England,13,FirstHalf,Pass,Successful,57.9,6.3,46.8,28.6
164,402596,Elliot Anderson,345,England,13,FirstHalf,Pass,Successful,51.7,27.6,62.6,24.4
165,362824,Morgan Rogers,345,England,13,FirstHalf,Pass,Successful,62,25.3,72.7,23.1
217,83532,Harry Kane,345,England,13,FirstHalf,BallTouch,Unsuccessful,68.9,30.6,,
113,455359,Jorge Gutiérrez,2694,Panama,13,FirstHalf,Clearance,Successful,27.2,81.4,26.4,79.3
114,458339,José Córdoba,2694,Panama,13,FirstHalf,Clearance,Successful,22.5,74.7,76.8,87.9
166,430019,Jarell Quansah,345,England,13,FirstHalf,Pass,Successful,38.8,33,43.2,65.4
167,374631,Marc Guéhi,345,England,14,FirstHalf,Pass,Successful,57.8,70.5,60.7,61.2
168,379868,Jude Bellingham,345,England,14,FirstHalf,Pass,Successful,64,60.3,88.7,1.6
169,367185,Bukayo Saka,345,England,14,FirstHalf,MissedShots,Successful,89.2,28.3,,
115,448768,Orlando Mosquera,2694,Panama,14,FirstHalf,Save,Successful,0.8,55.3,,
116,448768,Orlando Mosquera,2694,Panama,14,FirstHalf,KeeperPickup,Successful,0.8,55.3,,
117,448768,Orlando Mosquera,2694,Panama,14,FirstHalf,Pass,Successful,9,52.6,9.2,63.1
118,458339,José Córdoba,2694,Panama,14,FirstHalf,Pass,Successful,9.2,63.1,3.3,39.7
119,448768,Orlando Mosquera,2694,Panama,14,FirstHalf,Pass,Successful,7.3,29.1,22.9,1.2
120,280972,Amir Murillo,2694,Panama,14,FirstHalf,TakeOn,Unsuccessful,21.2,4.1,,
170,468847,Nico O'Reilly,345,England,14,FirstHalf,Tackle,Successful,78.9,96,,
122,280972,Amir Murillo,2694,Panama,14,FirstHalf,Pass,Unsuccessful,23.7,0,60.5,1
172,374631,Marc Guéhi,345,England,14,FirstHalf,Foul,Successful,40.2,97.6,,
123,458333,Tomás Rodríguez,2694,Panama,14,FirstHalf,Foul,Unsuccessful,59.8,2.4,,
173,374631,Marc Guéhi,345,England,14,FirstHalf,Pass,Successful,37.1,96.1,35,80.8
174,402596,Elliot Anderson,345,England,15,FirstHalf,Pass,Successful,46.7,42.9,52.1,22.3
175,430019,Jarell Quansah,345,England,15,FirstHalf,Pass,Successful,52,22.2,60.5,2.4
176,367185,Bukayo Saka,345,England,15,FirstHalf,Dispossessed,Successful,62.3,11.8,,
124,358868,José Luis Rodríguez,2694,Panama,15,FirstHalf,Tackle,Unsuccessful,37.8,88.3,,
177,367185,Bukayo Saka,345,England,15,FirstHalf,BallTouch,Successful,63.1,28.5,,
125,396239,Carlos Harvey,2694,Panama,15,FirstHalf,Pass,Successful,34.4,64.3,39.5,65.4
126,458333,Tomás Rodríguez,2694,Panama,15,FirstHalf,BallRecovery,Successful,39.8,65.7,,
127,458333,Tomás Rodríguez,2694,Panama,15,FirstHalf,Pass,Successful,38.2,64.6,36.4,67.8
128,396239,Carlos Harvey,2694,Panama,15,FirstHalf,Pass,Successful,36.6,67,43.8,58.3
129,318250,Cristian Martínez,2694,Panama,15,FirstHalf,Pass,Unsuccessful,48.2,54.1,54.3,55.3
179,374631,Marc Guéhi,345,England,15,FirstHalf,Interception,Successful,45.7,44.7,,
130,318250,Cristian Martínez,2694,Panama,15,FirstHalf,Pass,Successful,70.5,77.1,75.2,43.3
131,358868,José Luis Rodríguez,2694,Panama,15,FirstHalf,BallTouch,Unsuccessful,77.8,49.9,,
180,374631,Marc Guéhi,345,England,15,FirstHalf,BallRecovery,Successful,12.2,67.8,,
181,374631,Marc Guéhi,345,England,15,FirstHalf,Pass,Successful,10.8,73.2,19.5,54.4
182,402596,Elliot Anderson,345,England,15,FirstHalf,Pass,Successful,26.1,42.7,27.1,21.7
183,430019,Jarell Quansah,345,England,15,FirstHalf,Pass,Successful,30.6,23.2,28.2,34.9
184,402596,Elliot Anderson,345,England,15,FirstHalf,Pass,Successful,30.7,45.9,32.1,73.2
185,468847,Nico O'Reilly,345,England,15,FirstHalf,Pass,Successful,35.2,75.6,53.8,91
186,379868,Jude Bellingham,345,England,15,FirstHalf,Pass,Successful,57.3,89.5,53.8,75.1
187,468847,Nico O'Reilly,345,England,15,FirstHalf,Pass,Successful,55.5,70.6,46.9,55.6
188,402596,Elliot Anderson,345,England,15,FirstHalf,Pass,Successful,51.6,52,62.1,36.6
189,362824,Morgan Rogers,345,England,15,FirstHalf,Pass,Successful,62.1,36.6,53.1,20.7
190,430019,Jarell Quansah,345,England,15,FirstHalf,Pass,Successful,53.1,20.1,53.8,30.4
194,402596,Elliot Anderson,345,England,16,FirstHalf,Foul,Successful,53.2,32,,
133,458333,Tomás Rodríguez,2694,Panama,16,FirstHalf,Foul,Unsuccessful,46.8,68,,
195,402596,Elliot Anderson,345,England,16,FirstHalf,Pass,Successful,55.2,28.6,63.8,28.6
196,379868,Jude Bellingham,345,England,16,FirstHalf,Pass,Successful,63.9,28,61.4,36.4
197,468847,Nico O'Reilly,345,England,16,FirstHalf,Pass,Successful,61.9,37,56.8,30.1
198,402596,Elliot Anderson,345,England,16,FirstHalf,Pass,Successful,56.5,29.5,65.6,37.2
199,379868,Jude Bellingham,345,England,16,FirstHalf,Foul,Successful,64,42.6,,
134,318565,Fidel Escobar,2694,Panama,16,FirstHalf,Foul,Unsuccessful,36,57.4,,
200,402596,Elliot Anderson,345,England,16,FirstHalf,Pass,Successful,70.5,39.9,97.7,68.4
201,83532,Harry Kane,345,England,16,FirstHalf,Pass,Unsuccessful,97.7,69.9,97.4,66.3
136,396239,Carlos Harvey,2694,Panama,16,FirstHalf,BallTouch,Successful,3.8,35.2,,
202,83532,Harry Kane,345,England,16,FirstHalf,CornerAwarded,Successful,0,0,,
137,396239,Carlos Harvey,2694,Panama,16,FirstHalf,CornerAwarded,Unsuccessful,0,34.3,,
203,402596,Elliot Anderson,345,England,17,FirstHalf,Pass,Unsuccessful,99.5,99.5,89.6,51.9
138,318565,Fidel Escobar,2694,Panama,17,FirstHalf,Clearance,Successful,10.9,46,47.3,71.7
204,430019,Jarell Quansah,345,England,17,FirstHalf,Pass,Unsuccessful,65.4,37.8,87.7,81.6
139,280972,Amir Murillo,2694,Panama,17,FirstHalf,Clearance,Successful,10,17.2,18.4,16.8
140,318250,Cristian Martínez,2694,Panama,17,FirstHalf,Foul,Successful,28.2,11.9,,
206,402596,Elliot Anderson,345,England,17,FirstHalf,Foul,Unsuccessful,71.8,88.1,,
141,318565,Fidel Escobar,2694,Panama,18,FirstHalf,Pass,Unsuccessful,25.6,10.9,64.6,40.2
207,374631,Marc Guéhi,345,England,18,FirstHalf,Pass,Successful,33.4,66.7,30.4,80.1
208,468847,Nico O'Reilly,345,England,18,FirstHalf,BallRecovery,Successful,30.9,81.6,,
209,468847,Nico O'Reilly,345,England,18,FirstHalf,Pass,Successful,29.7,80.7,25.4,67.9
210,374631,Marc Guéhi,345,England,18,FirstHalf,Pass,Successful,35.3,66.3,43.3,90.7
211,468847,Nico O'Reilly,345,England,18,FirstHalf,Pass,Successful,46,93.9,59.2,96.6
212,300299,Marcus Rashford,345,England,18,FirstHalf,Pass,Successful,48.4,95.5,30.8,81.9
213,374631,Marc Guéhi,345,England,18,FirstHalf,Pass,Successful,30.4,82.3,36.2,90.7
214,300299,Marcus Rashford,345,England,18,FirstHalf,Pass,Successful,34.8,87,28.4,34.3
215,301440,Ezri Konsa,345,England,18,FirstHalf,Pass,Successful,44.7,36.4,73.4,89.4
216,300299,Marcus Rashford,345,England,18,FirstHalf,TakeOn,Unsuccessful,86.8,77.2,,
142,396239,Carlos Harvey,2694,Panama,18,FirstHalf,Tackle,Successful,13.2,22.1,,
143,396239,Carlos Harvey,2694,Panama,18,FirstHalf,BallRecovery,Successful,17.5,19,,
144,396239,Carlos Harvey,2694,Panama,18,FirstHalf,TakeOn,Unsuccessful,34,4.8,,
218,379868,Jude Bellingham,345,England,18,FirstHalf,Tackle,Successful,66,95.2,,
219,402596,Elliot Anderson,345,England,18,FirstHalf,BallRecovery,Successful,64.8,88,,
220,402596,Elliot Anderson,345,England,18,FirstHalf,Pass,Successful,61.9,72.4,68.5,66.1
221,362824,Morgan Rogers,345,England,18,FirstHalf,Pass,Successful,69.7,66.7,75.5,83.4
222,379868,Jude Bellingham,345,England,18,FirstHalf,Pass,Successful,76.1,83.2,76.8,64.8
223,362824,Morgan Rogers,345,England,18,FirstHalf,Pass,Successful,74.6,62.8,68.3,48.4
224,402596,Elliot Anderson,345,England,18,FirstHalf,Pass,Successful,69.5,41.7,85.6,23.5
225,367185,Bukayo Saka,345,England,18,FirstHalf,Pass,Unsuccessful,91.3,21,91.5,23.5
163,455359,Jorge Gutiérrez,2694,Panama,18,FirstHalf,BallTouch,Successful,7.9,74.4,,
146,397267,Andrés Andrade,2694,Panama,18,FirstHalf,Clearance,Successful,8.7,63.7,9.1,71.7
147,455359,Jorge Gutiérrez,2694,Panama,18,FirstHalf,Clearance,Successful,9.3,74.8,40.5,88.9
226,430019,Jarell Quansah,345,England,19,FirstHalf,Pass,Successful,64,10.3,37.4,11.7
227,301440,Ezri Konsa,345,England,19,FirstHalf,Pass,Successful,36.6,17.4,45.8,54.7
228,374631,Marc Guéhi,345,England,19,FirstHalf,Pass,Successful,49.1,58.5,63.8,95.4
229,300299,Marcus Rashford,345,England,19,FirstHalf,Pass,Unsuccessful,66.9,91.3,73.7,61.8
148,458339,José Córdoba,2694,Panama,19,FirstHalf,BallRecovery,Successful,28.5,42.4,,
149,458339,José Córdoba,2694,Panama,19,FirstHalf,Pass,Successful,28.5,42.4,31.3,41.8
150,396239,Carlos Harvey,2694,Panama,19,FirstHalf,Dispossessed,Successful,30.4,39,,
231,362824,Morgan Rogers,345,England,19,FirstHalf,Tackle,Successful,69.2,59.8,,
232,374631,Marc Guéhi,345,England,19,FirstHalf,Pass,Successful,56.9,62.8,61.6,68.8
233,402596,Elliot Anderson,345,England,19,FirstHalf,BallRecovery,Successful,61.5,68.2,,
234,402596,Elliot Anderson,345,England,19,FirstHalf,Pass,Successful,65.4,63.3,66,38.7
235,379868,Jude Bellingham,345,England,19,FirstHalf,Pass,Successful,66.6,38.7,67.5,58.3
236,402596,Elliot Anderson,345,England,19,FirstHalf,Pass,Successful,67.4,57.1,66.8,67.9
237,468847,Nico O'Reilly,345,England,19,FirstHalf,Pass,Successful,66.8,67.9,57.5,61.2
238,374631,Marc Guéhi,345,England,19,FirstHalf,Pass,Successful,57.1,61.8,55,42.1
239,301440,Ezri Konsa,345,England,19,FirstHalf,Pass,Successful,58,34,68.3,2.5
240,367185,Bukayo Saka,345,England,19,FirstHalf,Pass,Successful,68.1,3.6,77.2,2.5
241,430019,Jarell Quansah,345,England,19,FirstHalf,Pass,Successful,79.5,3.1,77,16
242,379868,Jude Bellingham,345,England,19,FirstHalf,Pass,Successful,76,14.4,71.6,12.7
243,367185,Bukayo Saka,345,England,19,FirstHalf,Dispossessed,Successful,70.8,20,,
152,358868,José Luis Rodríguez,2694,Panama,19,FirstHalf,Tackle,Successful,29.2,80.1,,
153,358868,José Luis Rodríguez,2694,Panama,19,FirstHalf,BallRecovery,Successful,31.3,68.4,,
154,358868,José Luis Rodríguez,2694,Panama,19,FirstHalf,TakeOn,Unsuccessful,34.3,90.6,,
245,379868,Jude Bellingham,345,England,19,FirstHalf,Tackle,Successful,65.7,9.4,,
156,455359,Jorge Gutiérrez,2694,Panama,19,FirstHalf,Pass,Successful,34.4,100,24.1,89.7
157,397267,Andrés Andrade,2694,Panama,19,FirstHalf,Pass,Successful,22.2,96.1,7.2,66.4
158,448768,Orlando Mosquera,2694,Panama,20,FirstHalf,Pass,Successful,7.1,66.4,38.4,90.6
159,358868,José Luis Rodríguez,2694,Panama,20,FirstHalf,Aerial,Successful,38.4,90.6,,
247,402596,Elliot Anderson,345,England,20,FirstHalf,Aerial,Unsuccessful,61.6,9.4,,
160,358868,José Luis Rodríguez,2694,Panama,20,FirstHalf,Pass,Successful,38.4,90.6,47.1,66.7
161,458333,Tomás Rodríguez,2694,Panama,20,FirstHalf,Pass,Successful,46.9,59.7,75.5,3.3
162,280972,Amir Murillo,2694,Panama,20,FirstHalf,Pass,Unsuccessful,80.7,7.3,91.9,49.8
248,110189,Jordan Pickford,345,England,20,FirstHalf,Punch,Successful,8.1,50.2,33.2,46.5
249,379868,Jude Bellingham,345,England,20,FirstHalf,BallRecovery,Successful,32.6,45.6,,
250,379868,Jude Bellingham,345,England,20,FirstHalf,Foul,Successful,31.6,47.7,,
164,396239,Carlos Harvey,2694,Panama,20,FirstHalf,Foul,Unsuccessful,68.4,52.2,,
251,362824,Morgan Rogers,345,England,20,FirstHalf,Pass,Successful,34.4,48.4,37.7,58.9
252,83532,Harry Kane,345,England,20,FirstHalf,Pass,Successful,40.9,60,37.6,44.8
253,379868,Jude Bellingham,345,England,20,FirstHalf,Pass,Successful,38.4,45.6,38.7,77.1
254,468847,Nico O'Reilly,345,England,20,FirstHalf,Pass,Successful,55.9,64.5,44.6,43
255,301440,Ezri Konsa,345,England,20,FirstHalf,Pass,Successful,45.9,44.4,53.7,57.9
256,402596,Elliot Anderson,345,England,20,FirstHalf,Pass,Successful,54.1,58.5,62.6,53.1
257,83532,Harry Kane,345,England,20,FirstHalf,Pass,Successful,62.6,53.1,54.7,62.1
258,402596,Elliot Anderson,345,England,20,FirstHalf,Pass,Unsuccessful,57.9,61.2,87.7,55.2
166,448768,Orlando Mosquera,2694,Panama,20,FirstHalf,KeeperPickup,Successful,10.6,42,,
167,448768,Orlando Mosquera,2694,Panama,20,FirstHalf,Pass,Successful,10.6,42,19.4,69.6
168,397267,Andrés Andrade,2694,Panama,20,FirstHalf,Pass,Successful,19.4,72.3,30.2,97
169,455359,Jorge Gutiérrez,2694,Panama,20,FirstHalf,Pass,Successful,29.7,96.9,5.3,66.7
170,448768,Orlando Mosquera,2694,Panama,21,FirstHalf,Pass,Unsuccessful,5,72.6,35.6,79.9
259,379868,Jude Bellingham,345,England,21,FirstHalf,BallRecovery,Successful,67.6,18.3,,
260,379868,Jude Bellingham,345,England,21,FirstHalf,MissedShots,Successful,67.3,19.2,,
172,458339,José Córdoba,2694,Panama,21,FirstHalf,Pass,Successful,4.8,61.6,3.7,50.4
173,448768,Orlando Mosquera,2694,Panama,21,FirstHalf,Pass,Successful,6.8,46.5,22.2,4.9
263,468847,Nico O'Reilly,345,England,21,FirstHalf,Challenge,Unsuccessful,72.2,93.6,,
174,280972,Amir Murillo,2694,Panama,21,FirstHalf,TakeOn,Successful,26.6,5.4,,
175,280972,Amir Murillo,2694,Panama,21,FirstHalf,TakeOn,Unsuccessful,36.3,11.1,,
265,379868,Jude Bellingham,345,England,21,FirstHalf,BallRecovery,Successful,66.4,59.8,,
266,379868,Jude Bellingham,345,England,21,FirstHalf,Pass,Successful,66.4,59.8,78.1,64
267,83532,Harry Kane,345,England,21,FirstHalf,Pass,Successful,76.7,65.2,85.2,53.7
268,362824,Morgan Rogers,345,England,21,FirstHalf,Pass,Successful,85.9,60.9,85,47.4
269,367185,Bukayo Saka,345,England,21,FirstHalf,SavedShot,Successful,85,47.4,,
177,455359,Jorge Gutiérrez,2694,Panama,21,FirstHalf,Save,Successful,12.9,52.5,,
178,143611,Yoel Bárcenas,2694,Panama,21,FirstHalf,TakeOn,Unsuccessful,16.5,58.3,,
271,379868,Jude Bellingham,345,England,21,FirstHalf,TakeOn,Unsuccessful,75.2,32.9,,
179,143611,Yoel Bárcenas,2694,Panama,21,FirstHalf,Tackle,Unsuccessful,24.8,67.1,,
272,379868,Jude Bellingham,345,England,21,FirstHalf,Pass,Successful,77.5,7.6,68.2,9
273,430019,Jarell Quansah,345,England,21,FirstHalf,Pass,Successful,68,9.1,69.5,25.9
274,402596,Elliot Anderson,345,England,21,FirstHalf,Pass,Successful,69.3,25.9,68.6,9
275,430019,Jarell Quansah,345,England,21,FirstHalf,Pass,Successful,65.8,12.1,73.4,4.2
276,379868,Jude Bellingham,345,England,21,FirstHalf,Pass,Unsuccessful,75.7,4.6,88.1,38.4
180,396239,Carlos Harvey,2694,Panama,21,FirstHalf,Clearance,Successful,13.2,68.2,18.7,72.1
181,143611,Yoel Bárcenas,2694,Panama,21,FirstHalf,BallRecovery,Successful,18.9,70.5,,
182,143611,Yoel Bárcenas,2694,Panama,21,FirstHalf,Pass,Successful,25.6,70.3,25.8,94.6
183,455359,Jorge Gutiérrez,2694,Panama,22,FirstHalf,Pass,Successful,26.5,94.9,51.2,86.1
184,358868,José Luis Rodríguez,2694,Panama,22,FirstHalf,BallTouch,Unsuccessful,51.2,86.1,,
277,110189,Jordan Pickford,345,England,22,FirstHalf,KeeperSweeper,Successful,25,18,,
278,110189,Jordan Pickford,345,England,22,FirstHalf,Clearance,Successful,24.9,18.3,35.5,0
188,455359,Jorge Gutiérrez,2694,Panama,25,FirstHalf,Pass,Successful,67.8,100,51.6,98.7
189,397267,Andrés Andrade,2694,Panama,25,FirstHalf,Pass,Successful,49.1,98.2,38.2,66.1
190,458339,José Córdoba,2694,Panama,25,FirstHalf,Pass,Successful,37.5,66.3,23.5,26.4
191,318565,Fidel Escobar,2694,Panama,25,FirstHalf,Pass,Unsuccessful,23.5,26.4,70.3,32.8
282,374631,Marc Guéhi,345,England,25,FirstHalf,Pass,Unsuccessful,41.6,67.6,53.3,57.4
192,396239,Carlos Harvey,2694,Panama,25,FirstHalf,Pass,Successful,63,46,70.9,65.8
193,358868,José Luis Rodríguez,2694,Panama,25,FirstHalf,Pass,Successful,70.9,65.8,72.2,62.2
194,458333,Tomás Rodríguez,2694,Panama,25,FirstHalf,Pass,Successful,60.5,60.3,82.8,72.4
195,358868,José Luis Rodríguez,2694,Panama,25,FirstHalf,SavedShot,Successful,86.6,66.6,,
283,110189,Jordan Pickford,345,England,25,FirstHalf,Save,Successful,2.8,44.2,,
284,110189,Jordan Pickford,345,England,25,FirstHalf,CornerAwarded,Unsuccessful,1.4,39.7,,
196,358868,José Luis Rodríguez,2694,Panama,25,FirstHalf,CornerAwarded,Successful,98.6,60.2,,
197,143611,Yoel Bárcenas,2694,Panama,26,FirstHalf,Pass,Unsuccessful,99.5,99.5,92.3,51.9
285,301440,Ezri Konsa,345,England,26,FirstHalf,Clearance,Successful,7,46.9,15.7,96.3
198,318250,Cristian Martínez,2694,Panama,26,FirstHalf,TakeOn,Unsuccessful,87.2,2.6,,
286,300299,Marcus Rashford,345,England,26,FirstHalf,Tackle,Successful,12.8,97.4,,
200,318250,Cristian Martínez,2694,Panama,26,FirstHalf,Pass,Successful,92.4,0,86.8,12.1
201,280972,Amir Murillo,2694,Panama,26,FirstHalf,Pass,Unsuccessful,86.8,12.1,88.9,8.7
288,379868,Jude Bellingham,345,England,26,FirstHalf,BlockedPass,Successful,11.1,91.3,,
203,280972,Amir Murillo,2694,Panama,27,FirstHalf,Pass,Successful,88.7,0,92.6,21
205,396239,Carlos Harvey,2694,Panama,27,FirstHalf,MissedShots,Successful,95,33,,
292,301440,Ezri Konsa,345,England,27,FirstHalf,Pass,Successful,5.1,37.9,3.7,48.3
293,110189,Jordan Pickford,345,England,27,FirstHalf,Pass,Unsuccessful,9.4,48,65,45.6
207,458339,José Córdoba,2694,Panama,27,FirstHalf,Clearance,Successful,32.1,53.2,35.7,57
208,458339,José Córdoba,2694,Panama,27,FirstHalf,Pass,Successful,35.8,56.1,43.6,52
209,396239,Carlos Harvey,2694,Panama,27,FirstHalf,BallRecovery,Successful,42.9,52,,
210,396239,Carlos Harvey,2694,Panama,27,FirstHalf,Pass,Unsuccessful,42.9,52,50.9,64.2
294,402596,Elliot Anderson,345,England,27,FirstHalf,Pass,Successful,47.6,40.8,59.9,24.1
295,430019,Jarell Quansah,345,England,27,FirstHalf,BallRecovery,Successful,60,24.3,,
296,430019,Jarell Quansah,345,England,27,FirstHalf,Pass,Successful,60.3,24.4,70.2,35.1
297,362824,Morgan Rogers,345,England,27,FirstHalf,Pass,Successful,72.5,33.6,86.4,31.6
298,367185,Bukayo Saka,345,England,27,FirstHalf,Pass,Unsuccessful,96.3,30.6,95.4,31.8
212,397267,Andrés Andrade,2694,Panama,27,FirstHalf,BlockedPass,Successful,7,65.2,,
299,367185,Bukayo Saka,345,England,27,FirstHalf,BallTouch,Successful,96,31.8,,
214,458339,José Córdoba,2694,Panama,28,FirstHalf,Pass,Successful,5,63,4.3,44.8
215,448768,Orlando Mosquera,2694,Panama,28,FirstHalf,Pass,Unsuccessful,6.3,45.6,84.4,39.3
301,110189,Jordan Pickford,345,England,28,FirstHalf,BallRecovery,Successful,14.7,57,,
302,110189,Jordan Pickford,345,England,28,FirstHalf,Pass,Successful,19.2,58.5,25.6,42.4
303,301440,Ezri Konsa,345,England,28,FirstHalf,Pass,Successful,31.1,34.5,37.3,8.8
304,430019,Jarell Quansah,345,England,28,FirstHalf,Pass,Successful,40.9,8.5,56.7,18.1
305,362824,Morgan Rogers,345,England,28,FirstHalf,Pass,Successful,56.5,18.1,63,3.4
306,367185,Bukayo Saka,345,England,28,FirstHalf,Pass,Successful,62.6,7.9,44.6,24.7
307,402596,Elliot Anderson,345,England,28,FirstHalf,Pass,Successful,43.6,25.9,38.4,45.6
1,,,2694,Panama,0,PreMatch,FormationSet,Successful,0,0,,
1,,,345,England,0,PreMatch,FormationSet,Successful,0,0,,